mysql> USE vk;
Reading table information for completion of table and column names
You can turn off this feature to get a quicker startup with -A

Database changed
mysql> -- Вносим изменения в таблицу профилей
mysql> ALTER TABLE profiles MODIFY COLUMN gender ENUM('M', 'F');
Query OK, 100 rows affected (0.05 sec)
Records: 100  Duplicates: 0  Warnings: 0

mysql> DESC profiles;
+------------+---------------+------+-----+-------------------+-----------------------------------------------+
| Field      | Type          | Null | Key | Default           | Extra                                         |
+------------+---------------+------+-----+-------------------+-----------------------------------------------+
| user_id    | int unsigned  | NO   | PRI | NULL              |                                               |
| gender     | enum('M','F') | YES  |     | NULL              |                                               |
| birthday   | date          | YES  |     | NULL              |                                               |
| city       | varchar(130)  | YES  |     | NULL              |                                               |
| country    | varchar(130)  | YES  |     | NULL              |                                               |
| created_at | datetime      | YES  |     | CURRENT_TIMESTAMP | DEFAULT_GENERATED                             |
| updated_at | datetime      | YES  |     | CURRENT_TIMESTAMP | DEFAULT_GENERATED on update CURRENT_TIMESTAMP |
+------------+---------------+------+-----+-------------------+-----------------------------------------------+
7 rows in set (0.00 sec)

mysql> -- Вносим изменение в таблицу групп
mysql> ALTER TABLE communities ADD COLUMN owner_id INT UNSIGNED NOT NULL AFTER id;
Query OK, 0 rows affected (0.05 sec)
Records: 0  Duplicates: 0  Warnings: 0

mysql> DESC communities;
+------------+--------------+------+-----+-------------------+-----------------------------------------------+
| Field      | Type         | Null | Key | Default           | Extra                                         |
+------------+--------------+------+-----+-------------------+-----------------------------------------------+
| id         | int unsigned | NO   | PRI | NULL              | auto_increment                                |
| owner_id   | int unsigned | NO   |     | NULL              |                                               |
| name       | varchar(150) | NO   | UNI | NULL              |                                               |
| created_at | datetime     | YES  |     | CURRENT_TIMESTAMP | DEFAULT_GENERATED                             |
| updated_at | datetime     | YES  |     | CURRENT_TIMESTAMP | DEFAULT_GENERATED on update CURRENT_TIMESTAMP |
+------------+--------------+------+-----+-------------------+-----------------------------------------------+
5 rows in set (0.00 sec)

mysql> -- Смотрим структуру таблицы пользователей
mysql> DESC users;
+------------+--------------+------+-----+-------------------+-----------------------------------------------+
| Field      | Type         | Null | Key | Default           | Extra                                         |
+------------+--------------+------+-----+-------------------+-----------------------------------------------+
| id         | int unsigned | NO   | PRI | NULL              | auto_increment                                |
| first_name | varchar(100) | NO   |     | NULL              |                                               |
| last_name  | varchar(100) | NO   |     | NULL              |                                               |
| email      | varchar(100) | NO   | UNI | NULL              |                                               |
| phone      | varchar(100) | NO   | UNI | NULL              |                                               |
| created_at | datetime     | YES  |     | CURRENT_TIMESTAMP | DEFAULT_GENERATED                             |
| updated_at | datetime     | YES  |     | CURRENT_TIMESTAMP | DEFAULT_GENERATED on update CURRENT_TIMESTAMP |
+------------+--------------+------+-----+-------------------+-----------------------------------------------+
7 rows in set (0.00 sec)

mysql> -- Приводим в порядок временные метки
mysql> UPDATE users SET updated_at = NOW() WHERE updated_at < created_at;
Query OK, 52 rows affected (0.00 sec)
Rows matched: 52  Changed: 52  Warnings: 0

mysql> -- Анализируем данные
mysql> SELECT * FROM profiles LIMIT 10;
+---------+--------+------------+--------------------+------------------+---------------------+---------------------+
| user_id | gender | birthday   | city               | country          | created_at          | updated_at          |
+---------+--------+------------+--------------------+------------------+---------------------+---------------------+
|       1 | F      | 1978-02-16 | New Doris          | Mayotte          | 2003-01-15 16:26:34 | 1980-01-02 10:04:37 |
|       2 | M      | 2001-12-20 | West Darronborough | Tajikistan       | 1983-08-12 04:51:36 | 2000-10-17 11:43:37 |
|       3 | F      | 1992-06-15 | East Aurelia       | Malta            | 2004-12-18 15:26:16 | 1995-06-30 12:47:01 |
|       4 | M      | 1989-03-02 | South Ignacio      | Zimbabwe         | 2003-08-03 09:36:26 | 1988-06-12 08:19:55 |
|       5 | M      | 2003-01-08 | Edenchester        | Macedonia        | 2001-02-09 00:38:42 | 2007-08-28 03:37:53 |
|       6 | M      | 1979-08-17 | Schaeferchester    | Guam             | 1974-11-21 01:44:44 | 1979-07-23 12:49:58 |
|       7 | F      | 1983-02-10 | North Trenton      | Belarus          | 2012-10-12 13:29:22 | 2008-09-07 14:50:31 |
|       8 | M      | 1989-08-09 | Lake Fredericport  | Pitcairn Islands | 1988-06-28 00:11:04 | 2009-11-23 20:56:52 |
|       9 | F      | 1995-06-02 | Pricebury          | Mali             | 1995-09-08 07:53:52 | 2020-12-11 16:30:15 |
|      10 | F      | 2013-12-30 | Elbertborough      | Kiribati         | 2014-01-14 19:44:01 | 1994-05-06 23:43:05 |
+---------+--------+------------+--------------------+------------------+---------------------+---------------------+
10 rows in set (0.00 sec)

mysql> -- Приводим в порядок временные метки
mysql> UPDATE profiles SET updated_at = NOW() WHERE updated_at < created_at;
Query OK, 47 rows affected (0.01 sec)
Rows matched: 47  Changed: 47  Warnings: 0

mysql> -- Смотрим структуру таблицы сообщений
mysql> DESC messages;
+--------------+--------------+------+-----+-------------------+-------------------+
| Field        | Type         | Null | Key | Default           | Extra             |
+--------------+--------------+------+-----+-------------------+-------------------+
| id           | int unsigned | NO   | PRI | NULL              | auto_increment    |
| from_user_id | int unsigned | NO   |     | NULL              |                   |
| to_user_id   | int unsigned | NO   |     | NULL              |                   |
| body         | text         | NO   |     | NULL              |                   |
| is_important | tinyint(1)   | YES  |     | NULL              |                   |
| is_delivered | tinyint(1)   | YES  |     | NULL              |                   |
| created_at   | datetime     | YES  |     | CURRENT_TIMESTAMP | DEFAULT_GENERATED |
+--------------+--------------+------+-----+-------------------+-------------------+
7 rows in set (0.01 sec)

mysql> -- Анализируем данные
mysql> SELECT * FROM messages LIMIT 10;
+----+--------------+------------+------------------------------------------------------------------------------------------------------------------------------------------------------------------------------------------------------------------+--------------+--------------+---------------------+
| id | from_user_id | to_user_id | body                                                                                                                                                                                                             | is_important | is_delivered | created_at          |
+----+--------------+------------+------------------------------------------------------------------------------------------------------------------------------------------------------------------------------------------------------------------+--------------+--------------+---------------------+
|  1 |           40 |         28 | Provident aut molestiae omnis tempore delectus nostrum. Omnis corrupti aut eveniet numquam optio. Quo magnam eum dolorem aut assumenda omnis.                                                                    |            0 |            1 | 1991-01-28 04:26:34 |
|  2 |           47 |         59 | Dolores voluptatibus ut voluptatem voluptas ut. Dolore eos tempora quidem impedit molestias. Quasi delectus quia porro magni animi.                                                                              |            0 |            0 | 2005-10-27 15:12:14 |
|  3 |           31 |          3 | Dolor suscipit ut veritatis perspiciatis recusandae quod. Aperiam ratione natus magni omnis. Et ex aut minima quis. Ex molestiae qui veritatis nihil magni quia.                                                 |            1 |            0 | 1995-07-30 10:47:40 |
|  4 |           71 |         74 | Ut ea minus nemo voluptatem asperiores eos. Enim laudantium explicabo et voluptas corrupti. Voluptate similique itaque repudiandae necessitatibus dolore ab. Velit enim exercitationem quibusdam.                |            1 |            0 | 1989-10-09 15:33:09 |
|  5 |           24 |         82 | Nisi et dolor sapiente veniam aliquam. Dolor blanditiis numquam odio at. Aut ipsum ullam perferendis ea nam. Quos occaecati odio reprehenderit in velit repellendus.                                             |            1 |            1 | 2008-10-16 23:15:24 |
|  6 |           25 |         84 | Cupiditate quia unde nulla itaque ipsa aliquid. Minima nostrum blanditiis minima et. Voluptate aspernatur quam recusandae in a. Rerum minus laudantium quia.                                                     |            1 |            1 | 1982-09-17 22:24:58 |
|  7 |           62 |         48 | Corporis neque consectetur eligendi eum. Ipsum quaerat et quam minus soluta tempora aliquid. Placeat similique beatae tempore. Omnis nesciunt reiciendis cupiditate qui voluptas.                                |            1 |            0 | 1996-08-20 07:45:54 |
|  8 |           30 |         35 | Quas sapiente repellendus veniam alias illo. Autem omnis iste ad. Nobis voluptas iure deserunt ut sit. Voluptatem sed deleniti dolore sequi et corporis voluptate.                                               |            1 |            1 | 1996-05-19 23:56:36 |
|  9 |           66 |         43 | Eligendi voluptas quisquam officia eaque ipsa sit assumenda illum. Voluptatibus recusandae id at cumque fugiat ut id repellat. Est qui autem et. Impedit unde ex ut numquam dolores. Quasi pariatur et adipisci. |            0 |            1 | 1986-07-28 17:26:39 |
| 10 |           11 |         86 | Quia dolor assumenda molestiae. Inventore saepe voluptates eligendi error laborum. Occaecati quasi aspernatur doloribus ea rem. Fugiat sapiente voluptatibus est et quis debitis.                                |            0 |            1 | 2007-03-06 08:03:30 |
+----+--------------+------------+------------------------------------------------------------------------------------------------------------------------------------------------------------------------------------------------------------------+--------------+--------------+---------------------+
10 rows in set (0.00 sec)

mysql> -- В таблице messages менять ничего не нужно
mysql> -- Смотрим структуру таблицы медиаконтента
mysql> DESC media;
+---------------+--------------+------+-----+-------------------+-----------------------------------------------+
| Field         | Type         | Null | Key | Default           | Extra                                         |
+---------------+--------------+------+-----+-------------------+-----------------------------------------------+
| id            | int unsigned | NO   | PRI | NULL              | auto_increment                                |
| user_id       | int unsigned | NO   |     | NULL              |                                               |
| filename      | varchar(255) | NO   |     | NULL              |                                               |
| size          | int          | NO   |     | NULL              |                                               |
| metadata      | longtext     | YES  |     | NULL              |                                               |
| media_type_id | int unsigned | NO   |     | NULL              |                                               |
| created_at    | datetime     | YES  |     | CURRENT_TIMESTAMP | DEFAULT_GENERATED                             |
| updated_at    | datetime     | YES  |     | CURRENT_TIMESTAMP | DEFAULT_GENERATED on update CURRENT_TIMESTAMP |
+---------------+--------------+------+-----+-------------------+-----------------------------------------------+
8 rows in set (0.00 sec)

mysql> -- Анализируем данные
mysql> SELECT * FROM media LIMIT 10;
+----+---------+----------+-----------+----------+---------------+---------------------+---------------------+
| id | user_id | filename | size      | metadata | media_type_id | created_at          | updated_at          |
+----+---------+----------+-----------+----------+---------------+---------------------+---------------------+
|  1 |      37 | omnis    |         6 | NULL     |             5 | 1983-12-21 20:22:25 | 1976-06-02 23:30:59 |
|  2 |      62 | a        |   1295390 | NULL     |            10 | 1999-01-02 03:13:10 | 1995-03-20 18:46:50 |
|  3 |      13 | rerum    |         7 | NULL     |             6 | 1984-10-09 09:49:26 | 1970-09-08 12:44:07 |
|  4 |      80 | odit     |    749257 | NULL     |             4 | 2019-07-28 23:54:24 | 1980-07-13 19:59:58 |
|  5 |      48 | nihil    |       692 | NULL     |             4 | 2001-08-25 00:57:02 | 2020-06-24 01:14:27 |
|  6 |      84 | nulla    |     45508 | NULL     |             9 | 1995-08-31 13:09:11 | 1996-01-11 12:11:24 |
|  7 |      40 | libero   |      9766 | NULL     |             6 | 1985-11-20 22:50:54 | 2001-06-19 06:03:07 |
|  8 |      13 | iste     |       604 | NULL     |             3 | 2016-10-19 11:35:55 | 1989-12-25 20:36:35 |
|  9 |      71 | dolorem  | 649689081 | NULL     |             9 | 2013-05-22 14:32:03 | 1977-01-20 04:22:59 |
| 10 |      16 | non      |       317 | NULL     |             3 | 1997-11-04 19:09:28 | 1984-01-16 21:45:25 |
+----+---------+----------+-----------+----------+---------------+---------------------+---------------------+
10 rows in set (0.00 sec)

mysql> -- Рандомизировать ссылку на пользователя не требуется - все сделано при наполнении данными.
mysql> -- Создаём временную таблицу форматов медиафайлов
mysql> CREATE TEMPORARY TABLE extensions (name VARCHAR(10));
Query OK, 0 rows affected (0.00 sec)

mysql> INSERT INTO extensions VALUES ('jpeg'), ('avi'), ('mpeg'), ('png'), ('mp3'), ('flac');
Query OK, 6 rows affected (0.00 sec)
Records: 6  Duplicates: 0  Warnings: 0

mysql> SELECT * FROM extensions;
+------+
| name |
+------+
| jpeg |
| avi  |
| mpeg |
| png  |
| mp3  |
| flac |
+------+
6 rows in set (0.00 sec)

mysql> -- Обновляем ссылку на файл
mysql> UPDATE media SET filename = CONCAT(
    ->   'http://dropbox.net/vk/',
    ->   filename,
    ->   '.',
    ->   (SELECT name FROM extensions ORDER BY RAND() LIMIT 1)
    -> );
Query OK, 500 rows affected (0.02 sec)
Rows matched: 500  Changed: 500  Warnings: 0

mysql> -- Все строки таблицы изменились, временные метки править не надо
mysql>
mysql> -- Обновляем размер файлов
mysql> UPDATE media SET size = FLOOR(10000 + (RAND() * 1000000)) WHERE size < 1000;
Query OK, 222 rows affected (0.01 sec)
Rows matched: 222  Changed: 222  Warnings: 0

mysql> -- Заполняем метаданные
mysql> UPDATE media SET metadata = CONCAT('{"owner":"',
    ->   (SELECT CONCAT(first_name, ' ', last_name) FROM users WHERE id = user_id),
    ->   '"}');
Query OK, 500 rows affected (0.02 sec)
Rows matched: 500  Changed: 500  Warnings: 0

mysql> -- Устанавливаем тип metadata в JSON
mysql> ALTER TABLE media MODIFY metadata JSON;
Query OK, 500 rows affected (0.08 sec)
Records: 500  Duplicates: 0  Warnings: 0

mysql> -- Анализируем типы медиаконтента
mysql> SELECT * FROM media_types;
+----+---------------+---------------------+---------------------+
| id | name          | created_at          | updated_at          |
+----+---------------+---------------------+---------------------+
|  1 | rerum         | 2015-01-24 15:58:11 | 2014-07-03 08:29:30 |
|  2 | repellendus   | 1970-11-04 16:56:24 | 1990-02-17 06:01:07 |
|  3 | ut            | 2006-04-23 19:32:49 | 1979-07-09 22:49:31 |
|  4 | amet          | 2008-11-14 20:38:54 | 2005-02-18 05:16:34 |
|  5 | itaque        | 2019-08-17 14:14:01 | 1991-06-11 20:13:26 |
|  6 | reprehenderit | 1979-05-17 08:56:13 | 2018-06-23 01:55:00 |
|  7 | minima        | 1990-04-21 02:10:47 | 1988-06-06 03:59:59 |
|  8 | eligendi      | 1974-04-13 23:59:29 | 2004-02-14 05:15:49 |
|  9 | sed           | 2001-11-06 16:41:53 | 2000-08-06 11:17:32 |
| 10 | voluptatum    | 1977-11-26 17:46:26 | 2015-02-24 12:44:00 |
+----+---------------+---------------------+---------------------+
10 rows in set (0.00 sec)

mysql> -- DELETE не сбрасывает счётчик автоинкрементирования,
mysql> -- поэтому применим TRUNCATE
mysql> TRUNCATE media_types;
Query OK, 0 rows affected (0.06 sec)

mysql> SELECT * FROM media_types;
Empty set (0.00 sec)

mysql> -- Добавляем нужные типы
mysql> INSERT INTO media_types (name) VALUES
    ->   ('photo'),
    ->   ('video'),
    ->   ('audio')
    -> ;
Query OK, 3 rows affected (0.01 sec)
Records: 3  Duplicates: 0  Warnings: 0

mysql> SELECT * FROM media_types;
+----+-------+---------------------+---------------------+
| id | name  | created_at          | updated_at          |
+----+-------+---------------------+---------------------+
|  1 | photo | 2021-02-17 18:39:23 | 2021-02-17 18:39:23 |
|  2 | video | 2021-02-17 18:39:23 | 2021-02-17 18:39:23 |
|  3 | audio | 2021-02-17 18:39:23 | 2021-02-17 18:39:23 |
+----+-------+---------------------+---------------------+
3 rows in set (0.00 sec)

mysql> -- Проверяем выборку файлов только с расширениями, характерных для типа photo.
mysql> SELECT * FROM media WHERE filename LIKE '%.jpeg' OR filename LIKE '%.png' LIMIT 10;
+----+---------+-------------------------------------+-----------+----------------------------------+---------------+---------------------+---------------------+
| id | user_id | filename                            | size      | metadata                         | media_type_id | created_at          | updated_at          |
+----+---------+-------------------------------------+-----------+----------------------------------+---------------+---------------------+---------------------+
|  1 |      37 | http://dropbox.net/vk/omnis.jpeg    |    910344 | {"owner": "Olen Stoltenberg"}    |             5 | 1983-12-21 20:22:25 | 2021-02-17 18:37:01 |
|  5 |      48 | http://dropbox.net/vk/nihil.png     |    645320 | {"owner": "Tara Ledner"}         |             4 | 2001-08-25 00:57:02 | 2021-02-17 18:37:01 |
|  9 |      71 | http://dropbox.net/vk/dolorem.png   | 649689081 | {"owner": "Kenyatta Runolfsson"} |             9 | 2013-05-22 14:32:03 | 2021-02-17 18:37:01 |
| 10 |      16 | http://dropbox.net/vk/non.png       |    977994 | {"owner": "Emelia D'Amore"}      |             3 | 1997-11-04 19:09:28 | 2021-02-17 18:37:01 |
| 13 |      80 | http://dropbox.net/vk/in.jpeg       |    325598 | {"owner": "Nestor Krajcik"}      |             8 | 2013-12-05 02:37:34 | 2021-02-17 18:37:01 |
| 16 |      72 | http://dropbox.net/vk/fugiat.png    |     78662 | {"owner": "Waino Lockman"}       |            10 | 1976-02-20 12:10:07 | 2021-02-17 18:37:01 |
| 17 |      74 | http://dropbox.net/vk/in.png        |    368641 | {"owner": "Lisette Heaney"}      |             4 | 2002-01-17 18:50:21 | 2021-02-17 18:37:01 |
| 19 |      89 | http://dropbox.net/vk/expedita.jpeg |    433258 | {"owner": "Retha Hand"}          |             7 | 2018-10-04 09:15:07 | 2021-02-17 18:37:01 |
| 23 |      53 | http://dropbox.net/vk/ea.png        |   6348212 | {"owner": "Abby Abshire"}        |             4 | 2016-01-04 14:59:39 | 2021-02-17 18:37:01 |
| 24 |      76 | http://dropbox.net/vk/incidunt.png  |    211524 | {"owner": "Jon McClure"}         |             3 | 1993-02-05 16:00:37 | 2021-02-17 18:37:01 |
+----+---------+-------------------------------------+-----------+----------------------------------+---------------+---------------------+---------------------+
10 rows in set (0.01 sec)

mysql> -- Устанавливаем для них media_type_id = 1 (photo)
mysql> UPDATE media SET media_type_id = 1 WHERE filename LIKE '%.jpeg' OR filename LIKE '%.png';
Query OK, 144 rows affected (0.02 sec)
Rows matched: 170  Changed: 144  Warnings: 0

mysql> -- Делаем тоже самое для других расширений и ассоциированными с ними типами
mysql> UPDATE media SET media_type_id = 2 WHERE filename LIKE '%.mpeg' OR filename LIKE '%.avi';
Query OK, 159 rows affected (0.02 sec)
Rows matched: 175  Changed: 159  Warnings: 0

mysql> UPDATE media SET media_type_id = 3 WHERE filename LIKE '%.mp3' OR filename LIKE '%.flac';
Query OK, 135 rows affected (0.01 sec)
Rows matched: 155  Changed: 135  Warnings: 0

mysql> -- Проверяем
mysql> SELECT * FROM media LIMIT 10;
+----+---------+-----------------------------------+-----------+----------------------------------+---------------+---------------------+---------------------+
| id | user_id | filename                          | size      | metadata                         | media_type_id | created_at          | updated_at          |
+----+---------+-----------------------------------+-----------+----------------------------------+---------------+---------------------+---------------------+
|  1 |      37 | http://dropbox.net/vk/omnis.jpeg  |    910344 | {"owner": "Olen Stoltenberg"}    |             1 | 1983-12-21 20:22:25 | 2021-02-17 18:43:55 |
|  2 |      62 | http://dropbox.net/vk/a.flac      |   1295390 | {"owner": "Verla Haag"}          |             3 | 1999-01-02 03:13:10 | 2021-02-17 18:46:19 |
|  3 |      13 | http://dropbox.net/vk/rerum.mp3   |    677270 | {"owner": "Rowland Lemke"}       |             3 | 1984-10-09 09:49:26 | 2021-02-17 18:46:19 |
|  4 |      80 | http://dropbox.net/vk/odit.mpeg   |    749257 | {"owner": "Nestor Krajcik"}      |             2 | 2019-07-28 23:54:24 | 2021-02-17 18:45:53 |
|  5 |      48 | http://dropbox.net/vk/nihil.png   |    645320 | {"owner": "Tara Ledner"}         |             1 | 2001-08-25 00:57:02 | 2021-02-17 18:43:55 |
|  6 |      84 | http://dropbox.net/vk/nulla.mpeg  |     45508 | {"owner": "Tatum Beatty"}        |             2 | 1995-08-31 13:09:11 | 2021-02-17 18:45:53 |
|  7 |      40 | http://dropbox.net/vk/libero.avi  |      9766 | {"owner": "Verda Bins"}          |             2 | 1985-11-20 22:50:54 | 2021-02-17 18:45:53 |
|  8 |      13 | http://dropbox.net/vk/iste.flac   |    184791 | {"owner": "Rowland Lemke"}       |             3 | 2016-10-19 11:35:55 | 2021-02-17 18:37:01 |
|  9 |      71 | http://dropbox.net/vk/dolorem.png | 649689081 | {"owner": "Kenyatta Runolfsson"} |             1 | 2013-05-22 14:32:03 | 2021-02-17 18:43:55 |
| 10 |      16 | http://dropbox.net/vk/non.png     |    977994 | {"owner": "Emelia D'Amore"}      |             1 | 1997-11-04 19:09:28 | 2021-02-17 18:43:55 |
+----+---------+-----------------------------------+-----------+----------------------------------+---------------+---------------------+---------------------+
10 rows in set (0.00 sec)

mysql> SELECT * FROM media_types LIMIT 10;
+----+-------+---------------------+---------------------+
| id | name  | created_at          | updated_at          |
+----+-------+---------------------+---------------------+
|  1 | photo | 2021-02-17 18:39:23 | 2021-02-17 18:39:23 |
|  2 | video | 2021-02-17 18:39:23 | 2021-02-17 18:39:23 |
|  3 | audio | 2021-02-17 18:39:23 | 2021-02-17 18:39:23 |
+----+-------+---------------------+---------------------+
3 rows in set (0.00 sec)

mysql> -- Смотрим структуру таблицы friendship
mysql> DESC friendship;
+----------------------+--------------+------+-----+-------------------+-----------------------------------------------+
| Field                | Type         | Null | Key | Default           | Extra                                         |
+----------------------+--------------+------+-----+-------------------+-----------------------------------------------+
| user_id              | int unsigned | NO   | PRI | NULL              |                                               |
| friend_id            | int unsigned | NO   | PRI | NULL              |                                               |
| friendship_status_id | int unsigned | NO   |     | NULL              |                                               |
| requested_at         | datetime     | YES  |     | CURRENT_TIMESTAMP | DEFAULT_GENERATED                             |
| confirmed_at         | datetime     | YES  |     | NULL              |                                               |
| created_at           | datetime     | YES  |     | CURRENT_TIMESTAMP | DEFAULT_GENERATED                             |
| updated_at           | datetime     | YES  |     | CURRENT_TIMESTAMP | DEFAULT_GENERATED on update CURRENT_TIMESTAMP |
+----------------------+--------------+------+-----+-------------------+-----------------------------------------------+
7 rows in set (0.00 sec)

mysql> -- Анализируем данные
mysql> SELECT * FROM friendship LIMIT 10;
+---------+-----------+----------------------+---------------------+---------------------+---------------------+---------------------+
| user_id | friend_id | friendship_status_id | requested_at        | confirmed_at        | created_at          | updated_at          |
+---------+-----------+----------------------+---------------------+---------------------+---------------------+---------------------+
|       5 |        69 |                    8 | 2013-06-19 00:47:51 | 2016-03-27 22:40:53 | 2001-10-30 12:09:28 | 1991-07-24 06:33:34 |
|       6 |        12 |                    2 | 2020-09-22 09:38:13 | 2010-01-12 03:36:50 | 1999-06-07 05:43:17 | 2007-05-26 00:50:44 |
|       6 |        31 |                    7 | 1979-05-28 06:32:24 | 1984-04-11 22:46:44 | 1987-06-02 07:15:57 | 1973-08-27 10:24:43 |
|       7 |        49 |                    6 | 2007-12-21 11:34:26 | 2013-11-11 13:40:16 | 2017-05-31 16:23:27 | 1991-12-11 10:27:16 |
|       9 |        63 |                    8 | 1988-10-01 23:45:39 | 2002-10-03 11:48:49 | 1993-08-20 18:03:15 | 2011-07-16 20:34:14 |
|      11 |        73 |                    7 | 1992-05-22 18:14:39 | 1991-09-21 00:36:30 | 2004-04-13 23:48:53 | 1991-10-12 20:23:31 |
|      12 |        92 |                    6 | 1992-06-26 18:12:56 | 1974-05-17 05:38:27 | 1999-03-28 22:06:43 | 1997-01-12 22:02:04 |
|      13 |       100 |                   10 | 2016-07-23 18:41:41 | 2001-09-10 21:49:37 | 2001-06-28 00:27:58 | 1971-06-26 14:17:53 |
|      15 |        18 |                    4 | 1972-08-10 23:30:33 | 1980-11-08 11:42:02 | 2015-11-06 08:00:00 | 1981-06-09 06:23:00 |
|      17 |        64 |                    9 | 2008-08-29 00:30:15 | 2018-02-27 15:47:01 | 1976-08-04 23:33:41 | 2004-07-27 20:40:36 |
+---------+-----------+----------------------+---------------------+---------------------+---------------------+---------------------+
10 rows in set (0.01 sec)

mysql> -- Смотрим варианты, когда пользователь дружит сам с собой
mysql> SELECT * FROM friendship WHERE user_id = friend_id;
+---------+-----------+----------------------+---------------------+---------------------+---------------------+---------------------+
| user_id | friend_id | friendship_status_id | requested_at        | confirmed_at        | created_at          | updated_at          |
+---------+-----------+----------------------+---------------------+---------------------+---------------------+---------------------+
|      68 |        68 |                   10 | 2017-05-17 08:52:51 | 2004-06-10 12:26:04 | 2003-02-01 03:00:33 | 1988-04-15 09:46:51 |
|      92 |        92 |                    3 | 1991-05-08 14:39:37 | 2011-06-13 17:26:59 | 1987-03-27 04:07:52 | 2013-08-25 20:07:49 |
+---------+-----------+----------------------+---------------------+---------------------+---------------------+---------------------+
2 rows in set (0.00 sec)

mysql> -- Исправляем
mysql> UPDATE friendship SET friend_id = friend_id + 1 WHERE user_id = friend_id;
Query OK, 2 rows affected (0.01 sec)
Rows matched: 2  Changed: 2  Warnings: 0

mysql> -- Анализируем данные
mysql> SELECT * FROM friendship_statuses;
+----+---------+---------------------+---------------------+
| id | name    | created_at          | updated_at          |
+----+---------+---------------------+---------------------+
|  1 | at      | 1998-05-05 21:32:55 | 2012-09-04 12:06:41 |
|  2 | aut     | 1985-01-15 13:34:08 | 1994-11-11 21:32:14 |
|  3 | rem     | 1988-02-13 07:52:04 | 2017-08-02 08:27:50 |
|  4 | officia | 1996-05-27 03:00:21 | 2001-09-24 03:43:15 |
|  5 | magnam  | 2015-04-30 18:42:24 | 1987-04-04 07:10:48 |
|  6 | quod    | 1999-10-21 17:16:46 | 1977-07-30 14:08:52 |
|  7 | facere  | 2015-09-21 04:41:27 | 2002-07-18 21:53:27 |
|  8 | sed     | 2006-07-25 08:21:54 | 1972-04-10 05:28:56 |
|  9 | dolorem | 1982-10-02 15:48:55 | 2003-09-23 04:35:36 |
| 10 | velit   | 1993-07-09 10:44:27 | 1993-11-16 06:29:13 |
+----+---------+---------------------+---------------------+
10 rows in set (0.00 sec)

mysql> -- Очищаем таблицу
mysql> TRUNCATE friendship_statuses;
Query OK, 0 rows affected (0.06 sec)

mysql> -- Вставляем значения статусов дружбы
mysql> INSERT INTO friendship_statuses (name) VALUES
    ->   ('Requested'),
    ->   ('Confirmed'),
    ->   ('Rejected');
Query OK, 3 rows affected (0.01 sec)
Records: 3  Duplicates: 0  Warnings: 0

mysql> -- Обновляем ссылки на статус
mysql> UPDATE friendship SET friendship_status_id = FLOOR(1 + RAND() * 3);
Query OK, 89 rows affected (0.01 sec)
Rows matched: 100  Changed: 89  Warnings: 0

mysql> -- Исправляем временные метки
mysql> UPDATE friendship SET updated_at = NOW() WHERE updated_at < created_at;
Query OK, 6 rows affected (0.01 sec)
Rows matched: 6  Changed: 6  Warnings: 0

mysql>
mysql> -- Смотрим структуру таблицы групп
mysql> DESC communities;
+------------+--------------+------+-----+-------------------+-----------------------------------------------+
| Field      | Type         | Null | Key | Default           | Extra                                         |
+------------+--------------+------+-----+-------------------+-----------------------------------------------+
| id         | int unsigned | NO   | PRI | NULL              | auto_increment                                |
| owner_id   | int unsigned | NO   |     | NULL              |                                               |
| name       | varchar(150) | NO   | UNI | NULL              |                                               |
| created_at | datetime     | YES  |     | CURRENT_TIMESTAMP | DEFAULT_GENERATED                             |
| updated_at | datetime     | YES  |     | CURRENT_TIMESTAMP | DEFAULT_GENERATED on update CURRENT_TIMESTAMP |
+------------+--------------+------+-----+-------------------+-----------------------------------------------+
5 rows in set (0.00 sec)

mysql> -- Анализируем данные
mysql> SELECT * FROM communities;
+----+----------+-------------+---------------------+---------------------+
| id | owner_id | name        | created_at          | updated_at          |
+----+----------+-------------+---------------------+---------------------+
|  1 |        0 | facilis     | 1998-06-08 10:48:14 | 1970-11-24 16:31:03 |
|  2 |        0 | libero      | 1970-09-15 18:23:42 | 1988-12-09 20:18:36 |
|  3 |        0 | voluptas    | 2017-04-08 02:23:24 | 1970-01-10 23:26:32 |
|  4 |        0 | est         | 1974-05-16 06:23:33 | 2019-01-31 12:28:52 |
|  5 |        0 | dolor       | 1998-09-23 16:14:04 | 1974-09-23 21:14:36 |
|  6 |        0 | assumenda   | 1996-07-16 09:08:01 | 1982-08-26 23:07:12 |
|  7 |        0 | ratione     | 1979-09-14 15:30:08 | 1997-10-15 23:44:51 |
|  8 |        0 | sint        | 1989-04-28 12:05:17 | 2015-04-27 22:16:55 |
|  9 |        0 | pariatur    | 1975-11-05 18:59:07 | 1982-10-19 13:14:36 |
| 10 |        0 | dignissimos | 2014-01-06 02:24:45 | 2008-06-20 04:08:34 |
| 11 |        0 | sed         | 1972-09-18 12:36:36 | 2019-05-14 12:20:00 |
| 12 |        0 | culpa       | 1998-08-24 07:17:35 | 2005-07-11 12:20:39 |
| 13 |        0 | ducimus     | 1991-07-31 19:05:25 | 2006-11-16 01:39:25 |
| 14 |        0 | et          | 1970-10-04 17:27:37 | 2005-07-11 18:13:22 |
| 15 |        0 | eos         | 1978-04-16 18:30:59 | 1996-04-21 07:14:12 |
| 16 |        0 | blanditiis  | 2006-06-09 01:56:19 | 1991-10-06 15:02:03 |
| 17 |        0 | sit         | 1978-03-04 02:41:33 | 1974-06-19 12:37:15 |
| 18 |        0 | quo         | 2001-03-05 11:01:02 | 2001-05-19 05:02:00 |
| 19 |        0 | minima      | 1990-04-23 23:46:59 | 2001-01-07 11:30:10 |
| 20 |        0 | ipsa        | 1979-09-20 09:46:09 | 1976-08-13 15:34:48 |
+----+----------+-------------+---------------------+---------------------+
20 rows in set (0.00 sec)

mysql> -- У нас с самого начала 20 групп, удалять ничего не нужно
mysql> -- Добавляем владельцев групп
mysql> UPDATE communities SET owner_id = FLOOR(1 + RAND() * 100);
Query OK, 20 rows affected (0.02 sec)
Rows matched: 20  Changed: 20  Warnings: 0

mysql>

mysql>
mysql> -- Структура communities_users
mysql> DESC communities_users;
+--------------+--------------+------+-----+-------------------+-------------------+
| Field        | Type         | Null | Key | Default           | Extra             |
+--------------+--------------+------+-----+-------------------+-------------------+
| community_id | int unsigned | NO   | PRI | NULL              |                   |
| user_id      | int unsigned | NO   | PRI | NULL              |                   |
| created_at   | datetime     | YES  |     | CURRENT_TIMESTAMP | DEFAULT_GENERATED |
+--------------+--------------+------+-----+-------------------+-------------------+
3 rows in set (0.01 sec)

mysql> SELECT * FROM communities_users LIMIT 25;
+--------------+---------+---------------------+
| community_id | user_id | created_at          |
+--------------+---------+---------------------+
|            1 |       4 | 1996-09-23 08:43:21 |
|            1 |       8 | 1974-10-04 09:35:38 |
|            1 |       9 | 1987-10-16 03:41:40 |
|            1 |      14 | 1971-07-24 18:29:30 |
|            1 |      16 | 2004-01-09 13:33:38 |
|            1 |      18 | 2008-05-31 00:18:01 |
|            1 |      20 | 2004-12-31 18:46:55 |
|            1 |      22 | 2012-05-27 23:12:21 |
|            1 |      23 | 1978-01-09 18:47:31 |
|            1 |      26 | 1987-06-14 02:01:38 |
|            1 |      30 | 1979-05-11 07:30:41 |
|            1 |      41 | 2002-11-16 15:47:37 |
|            1 |      57 | 1983-09-01 15:22:39 |
|            1 |      58 | 2016-04-18 08:03:49 |
|            1 |      67 | 1989-07-14 18:19:51 |
|            1 |      76 | 1993-02-20 02:46:51 |
|            1 |      82 | 1980-12-11 06:28:21 |
|            1 |      97 | 2017-12-22 11:45:12 |
|            1 |     100 | 1994-09-06 17:18:03 |
|            2 |       1 | 1998-03-13 18:47:26 |
|            2 |      12 | 1985-05-02 12:53:22 |
|            2 |      13 | 1985-02-06 13:46:54 |
|            2 |      14 | 1996-01-03 11:39:34 |
|            2 |      17 | 2014-04-28 20:10:05 |
|            2 |      28 | 1978-08-14 14:17:12 |
+--------------+---------+---------------------+
25 rows in set (0.00 sec)

mysql> -- Поле user_id рандомизировано, изменять ничего не нужно.
mysql> -- Поле community_id от 1 до 20 при генерации данных, изменять ничего не нужно
mysql> exit
Bye
timur@mysql:~$ mysqldump vk > 1_vk_dump.sql
timur@mysql:~$
