timur@mysql:~$ vi .my.cnf
timur@mysql:~$ vi 2_create_example.sql
timur@mysql:~$ cat .my.cnf
[mysql]
user=root
password=mypassword1

[mysqldump]
user=root
password=mypassword1
timur@mysql:~$ chmod 600 .my.cnf
timur@mysql:~$ mysql
Welcome to the MySQL monitor.  Commands end with ; or \g.
Your MySQL connection id is 9
Server version: 8.0.23-0ubuntu0.20.04.1 (Ubuntu)

Copyright (c) 2000, 2021, Oracle and/or its affiliates.

Oracle is a registered trademark of Oracle Corporation and/or its
affiliates. Other names may be trademarks of their respective
owners.

Type 'help;' or '\h' for help. Type '\c' to clear the current input statement.

mysql> \. 2_create_example.sql
Query OK, 1 row affected (0.02 sec)

Database changed
Query OK, 0 rows affected (0.03 sec)

Query OK, 4 rows affected (0.01 sec)
Records: 4  Duplicates: 0  Warnings: 0

mysql> SHOW DATABASES;
+--------------------+
| Database           |
+--------------------+
| example            |
| information_schema |
| mysql              |
| performance_schema |
| sys                |
+--------------------+
5 rows in set (0.00 sec)

mysql> USE example;
Database changed
mysql> SHOW TABLES;
+-------------------+
| Tables_in_example |
+-------------------+
| users             |
+-------------------+
1 row in set (0.00 sec)

mysql> DESCRIBE users;
+-------+-------------+------+-----+---------+-------+
| Field | Type        | Null | Key | Default | Extra |
+-------+-------------+------+-----+---------+-------+
| id    | int         | YES  |     | NULL    |       |
| name  | varchar(32) | YES  |     | NULL    |       |
+-------+-------------+------+-----+---------+-------+
2 rows in set (0.00 sec)

mysql> SELECT * FROM users;
+------+---------+
| id   | name    |
+------+---------+
|  100 | John    |
|  120 | Ann     |
|  130 | Portion |
|   99 | Michael |
+------+---------+
4 rows in set (0.00 sec)

mysql> exit
Bye
timur@mysql:~$ mysqldump example > 3_dump_example.sql
timur@mysql:~$ mysql
Welcome to the MySQL monitor.  Commands end with ; or \g.
Your MySQL connection id is 11
Server version: 8.0.23-0ubuntu0.20.04.1 (Ubuntu)

Copyright (c) 2000, 2021, Oracle and/or its affiliates.

Oracle is a registered trademark of Oracle Corporation and/or its
affiliates. Other names may be trademarks of their respective
owners.

Type 'help;' or '\h' for help. Type '\c' to clear the current input statement.

mysql> CREATE DATABASE sample;
Query OK, 1 row affected (0.02 sec)

mysql> exit
Bye
timur@mysql:~$ mysql sample < 3_dump_example.sql
timur@mysql:~$ mysql
Welcome to the MySQL monitor.  Commands end with ; or \g.
Your MySQL connection id is 13
Server version: 8.0.23-0ubuntu0.20.04.1 (Ubuntu)

Copyright (c) 2000, 2021, Oracle and/or its affiliates.

Oracle is a registered trademark of Oracle Corporation and/or its
affiliates. Other names may be trademarks of their respective
owners.

Type 'help;' or '\h' for help. Type '\c' to clear the current input statement.

mysql> SHOW DATABASES;
+--------------------+
| Database           |
+--------------------+
| example            |
| information_schema |
| mysql              |
| performance_schema |
| sample             |
| sys                |
+--------------------+
6 rows in set (0.00 sec)

mysql> USE sample
Reading table information for completion of table and column names
You can turn off this feature to get a quicker startup with -A

Database changed
mysql> SHOW TABLES;
+------------------+
| Tables_in_sample |
+------------------+
| users            |
+------------------+
1 row in set (0.00 sec)

mysql> DESCRIBE users
    -> ;
+-------+-------------+------+-----+---------+-------+
| Field | Type        | Null | Key | Default | Extra |
+-------+-------------+------+-----+---------+-------+
| id    | int         | YES  |     | NULL    |       |
| name  | varchar(32) | YES  |     | NULL    |       |
+-------+-------------+------+-----+---------+-------+
2 rows in set (0.00 sec)

mysql> DESCRIBE users;
+-------+-------------+------+-----+---------+-------+
| Field | Type        | Null | Key | Default | Extra |
+-------+-------------+------+-----+---------+-------+
| id    | int         | YES  |     | NULL    |       |
| name  | varchar(32) | YES  |     | NULL    |       |
+-------+-------------+------+-----+---------+-------+
2 rows in set (0.00 sec)

mysql> SELECT * FROM users;
+------+---------+
| id   | name    |
+------+---------+
|  100 | John    |
|  120 | Ann     |
|  130 | Portion |
|   99 | Michael |
+------+---------+
4 rows in set (0.00 sec)

mysql> exit
Bye
timur@mysql:~$ mysqldump --where="1 LIMIT 100" mysql --tables help_keyword > 4_dump_mysql.sql
timur@mysql:~$
