Reading table information for completion of table and column names
You can turn off this feature to get a quicker startup with -A

Welcome to the MySQL monitor.  Commands end with ; or \g.
Your MySQL connection id is 10
Server version: 8.0.23-0ubuntu0.20.04.1 (Ubuntu)

Copyright (c) 2000, 2021, Oracle and/or its affiliates.

Oracle is a registered trademark of Oracle Corporation and/or its
affiliates. Other names may be trademarks of their respective
owners.

Reading history-file /home/timur/.mysql_history
Type 'help;' or '\h' for help. Type '\c' to clear the current input statement.

mysql> \. tasks-3-4-5-code.sql
--------------
SELECT COUNT(*) FROM likes WHERE user_id IN (
	SELECT user_id FROM profiles WHERE profiles.gender = 'F')
--------------

+----------+
| COUNT(*) |
+----------+
|     1558 |
+----------+
1 row in set (0.00 sec)

--------------
SELECT COUNT(*) FROM likes WHERE user_id IN (
    SELECT user_id FROM profiles WHERE profiles.gender = 'M')
--------------

+----------+
| COUNT(*) |
+----------+
|     1011 |
+----------+
1 row in set (0.00 sec)

--------------
SELECT IF(
	(SELECT COUNT(*) FROM likes WHERE user_id IN (
	SELECT user_id FROM profiles WHERE profiles.gender = 'M')) >
	((SELECT COUNT(*) FROM likes) / 2),
	'Мужчины поставили больше лайков',
	'Женщины поставили больше лайков') AS Answer
--------------

+-------------------------------------------------------------+
| Answer                                                      |
+-------------------------------------------------------------+
| Женщины поставили больше лайков                             |
+-------------------------------------------------------------+
1 row in set (0.04 sec)

--------------
SELECT COUNT(target_id) AS total_likes
	FROM likes
	WHERE user_id IN (SELECT * FROM (SELECT user_id FROM profiles ORDER BY birthday DESC LIMIT 10) AS youngest) 
        AND target_type_id = (SELECT id FROM target_types WHERE name = 'users')
--------------

+-------------+
| total_likes |
+-------------+
|          14 |
+-------------+
1 row in set (0.01 sec)

--------------
SELECT id, (SELECT COUNT(*) FROM messages WHERE messages.from_user_id = users.id) +
           (SELECT COUNT(*) FROM likes WHERE likes.user_id = users.id) +
           (SELECT COUNT(*) FROM posts WHERE posts.user_id = users.id) AS activity
    FROM users ORDER BY activity LIMIT 10
--------------

+------+----------+
| id   | activity |
+------+----------+
|   27 |       21 |
|   51 |       23 |
|    6 |       23 |
|   22 |       25 |
|   64 |       25 |
|   79 |       26 |
|   43 |       26 |
|   65 |       27 |
|   95 |       27 |
|   45 |       28 |
+------+----------+
10 rows in set (0.00 sec)

mysql> exit
